title,place_id,latitude,longitude,rating,reviews,types,type_ids,h3_r6,h3_r8,h3_r10,h3_r12
Catory Pizza สาขาประชาอุทิศ,ChIJP5SViq6j4jAR6C9tANeGbcM,13.6529185,100.4968437,4.9,936.0,"[""Pizza restaurant""]","[""pizza_restaurant""]",8664a4b27ffffff,8864a4b23dfffff,8a64a4b23c57fff,8c64a4b23cec9ff
ERA VALLEY,ChIJS_B0uzKj4jARyoRkKkXMRo4,13.6570254,100.4687203,4.6,53.0,"[""Restaurant""]","[""restaurant""]",8664a4b2fffffff,8864a4b2e5fffff,8a64a4b2e4cffff,8c64a4b2e4c13ff
HUANG หวง เกี๊ยวจีน 黄餃子館,ChIJGyEeYxSZ4jAREqdmdTa_mQ4,13.658768199999999,100.4686248,4.9,83.0,"[""Chinese restaurant"",""Chinese takeaway""]","[""chinese_restaurant"",""chinese_takeaway""]",8664a4b2fffffff,8864a4b05bfffff,8a64a4b2e4dffff,8c64a4b2e4db5ff
เนื้อเทพ NueaThep (สาขาประชาอุทิศ),ChIJX-tIU6aj4jARBc4SLkbXKM8,13.651995699999999,100.497408,4.7,29.0,"[""Restaurant"",""Noodle shop""]","[""restaurant"",""noodle_shop""]",8664a4b27ffffff,8864a4b23dfffff,8a64a4b23c57fff,8c64a4b23c541ff
Indian Barbeque Nation 57,ChIJBUSnKQqf4jAR_9kF8Wjqwu8,13.6458769,100.4984818,4.6,43.0,"[""Restaurant""]","[""restaurant""]",8664a4b27ffffff,8864a4b239fffff,8a64a4b23997fff,8c64a4b239959ff
SAREM,ChIJ5Zm6FI6j4jARdidi3qpcvI8,13.6382972,100.5012509,4.7,16.0,"[""Thai restaurant""]","[""thai_restaurant""]",8664a4b27ffffff,8864a4b203fffff,8a64a4b2039ffff,8c64a4b203989ff
After You Dessert Cafe - Susco Phutthabucha,ChIJ2zWuDkWj4jARW4erWTVj2mk,13.651349699999999,100.48888579999999,4.8,19.0,"[""Dessert restaurant""]","[""dessert_restaurant""]",8664a4b27ffffff,8864a4b231fffff,8a64a4b2315ffff,8c64a4b2315a3ff
COOLMAN CUISINE PASTA,ChIJXXMKu6Wj4jARJo5cb2ior88,13.638423399999999,100.5006571,5.0,1.0,"[""Restaurant""]","[""restaurant""]",8664a4b27ffffff,8864a4b203fffff,8a64a4b2039ffff,8c64a4b203991ff
หลานม่า - Taiwanese Dessert,ChIJLS1xAwCj4jARgJqnuzMdYDw,13.64729,100.4951662,4.7,34.0,"[""Dessert restaurant"",""Bakery""]","[""dessert_restaurant"",""bakery""]",8664a4b27ffffff,8864a4b239fffff,8a64a4b23887fff,8c64a4b238859ff
เรื่องของกะเพรา,ChIJN0EFdqOj4jARgOtRZ4bVKeU,13.658690199999999,100.47215,4.7,15.0,"[""Thai restaurant""]","[""thai_restaurant""]",8664a4b2fffffff,8864a4b2e5fffff,8a64a4b2e49ffff,8c64a4b2e49d5ff
麻麻 - MAMA Rooftop ม๋าม๋า ครบเครื่องเรื่องหมาล่า,ChIJGddbtdWj4jARkn3Ff1Wxs3s,13.6499434,100.49668919999999,5.0,9.0,"[""Chinese restaurant""]","[""chinese_restaurant""]",8664a4b27ffffff,8864a4b23dfffff,8a64a4b23c67fff,8c64a4b23c60bff
BaanBeef Butchery,ChIJq5wtXEyj4jARa6sWYgF49Xw,13.6502044,100.4981476,4.6,14.0,"[""Barbecue restaurant""]","[""barbecue_restaurant""]",8664a4b27ffffff,8864a4b23dfffff,8a64a4b23d5ffff,8c64a4b23d5abff
Du R cafe',ChIJFbaI7vWj4jAR0KRqgb-Zw1Y,13.641718,100.50038529999999,4.5,23.0,"[""Restaurant""]","[""restaurant""]",8664a4b27ffffff,8864a4b207fffff,8a64a4b20667fff,8c64a4b20661dff
Dino Papa Express,ChIJV_0B75ej4jARDvo_slcu9mQ,13.6508957,100.49164139999999,4.6,93.0,"[""Restaurant""]","[""restaurant""]",8664a4b27ffffff,8864a4b231fffff,8a64a4b2310ffff,8c64a4b2310abff
Baan Kaw Suan Pak,ChIJK3WKBGGj4jARlFl2X3UGRic,13.652654799999999,100.50460869999999,4.9,8.0,"[""Restaurant""]","[""restaurant""]",8664a4b27ffffff,8864a4b22bfffff,8a64a4b23db7fff,8c64a4b23db47ff
Nopparat Thai classical dance & restaurant,ChIJU8RSYPuh4jAR-hYYrs-6Wg0,13.682706699999999,100.5392834,4.0,98.0,"[""Thai restaurant""]","[""thai_restaurant""]",8664a4b37ffffff,8864a4b30bfffff,8a64a4b30a8ffff,8c64a4b30aab7ff
Hajime Robot Restaurant Rama 3 (ร้านอาหารฮาจิเมะโรบอท พระราม 3),ChIJayNYpeOh4jARD3Aw4pGE0pE,13.6850449,100.54447119999999,4.0,321.0,"[""Japanese restaurant"",""Buffet restaurant"",""Restaurant""]","[""japanese_restaurant"",""buffet_restaurant"",""restaurant""]",8664a4b37ffffff,8864a4b301fffff,8a64a4b30157fff,8c64a4b30151dff
MK Restaurants Lotus’s Bangpakok,ChIJC9b_B26i4jARuVFds2A1v10,13.6780341,100.5014813,2.7,10.0,"[""Sukiyaki and Shabu Shabu restaurant""]","[""shabu_shabu_and_sukiyaki_restaurant""]",8664a4b07ffffff,8864a4b041fffff,8a64a4b04197fff,8c64a4b041929ff
ไข่หวานบ้านซูชิ สาขาประชาอุทิศ,ChIJ89mnRNGj4jARXFw7F8kdlu8,13.6602254,100.5013386,3.9,120.0,"[""Sushi restaurant"",""Restaurant""]","[""sushi_restaurant"",""restaurant""]",8664a4b27ffffff,8864a4b223fffff,8a64a4b2225ffff,8c64a4b2225adff
NAVA Restaurant,ChIJl4v-132Z4jAR3H1_b0Ihtmk,13.708586799999999,100.5069865,4.8,797.0,"[""Restaurant""]","[""restaurant""]",8664a4b07ffffff,8864a4b065fffff,8a64a4b064c7fff,8c64a4b064c09ff
ร้านไลลาเป็ดย่างฮ่องกง,ChIJ1dhggtOj4jARyInPynXzQbc,13.642271,100.5034285,,,"[""Restaurant""]","[""restaurant""]",8664a4b27ffffff,8864a4b207fffff,8a64a4b20757fff,8c64a4b207527ff
ตัวกลม แก้มป่อง หมูทอด เนื้อทอด,ChIJfZaCDx-j4jARXMuWCUXQEns,13.651206799999999,100.48237639999999,,,"[""Restaurant""]","[""restaurant""]",8664a4b27ffffff,8864a4b233fffff,8a64a4b2330ffff,8c64a4b233089ff
BINGSU HOK-ED byNathong,ChIJyw3KXf6j4jARUXYUBtkHLuE,13.6442587,100.4991234,3.4,5.0,"[""Restaurant""]","[""restaurant""]",8664a4b27ffffff,8864a4b207fffff,8a64a4b2065ffff,8c64a4b206597ff
Nice Korean BBQ - บุฟเฟต์ปิ้งย่างเกาหลี,ChIJBTDbSDGj4jARXjtykKAp1VU,13.6345765,100.51929539999999,4.7,87.0,"[""Korean barbecue restaurant""]","[""korean_barbecue_restaurant""]",8664a4b27ffffff,8864a4b20dfffff,8a64a4b20daffff,8c64a4b20da83ff
หมูทอดในตำนานสาขาประชาอุทิศ33,ChIJD7GPZiij4jARP_7dADdEEZk,13.656775999999999,100.49939529999999,2.0,11.0,"[""Fast food restaurant""]","[""fast_food_restaurant""]",8664a4b27ffffff,8864a4b23dfffff,8a64a4b23527fff,8c64a4b23526dff
เหวินเปาซาลาเปา,ChIJ0xTd9sWZ4jARGVSjfRphL6s,13.662132999999999,100.4706832,4.0,14.0,"[""Dim sum restaurant""]","[""dim_sum_restaurant""]",8664a4b07ffffff,8864a4b05bfffff,8a64a4b05baffff,8c64a4b05baddff
Restaurant Patt,ChIJE2KxFiWZ4jAR8lVTUarDqJ4,13.6962823,100.516869,4.9,63.0,"[""Fine dining restaurant""]","[""fine_dining_restaurant""]",8664a4b37ffffff,8864a4b06dfffff,8a64a4b06d17fff,8c64a4b06d14dff
ณัฐวรรณโภชนาอาหารตามสั่ง,ChIJ-Ye2s_Si4jAR6yxFErGANIs,13.6679312,100.47994639999999,4.2,122.0,"[""Restaurant""]","[""restaurant""]",8664a4b07ffffff,8864a4b05dfffff,8a64a4b05c67fff,8c64a4b05c625ff
LengHong RYUHO - เล่งหงษ์ ริวโฮ,ChIJveANx86j4jAR4lCIsnMhuW0,13.670832599999999,100.454219,4.7,133.0,"[""Japanese restaurant""]","[""japanese_restaurant""]",8664a4b2fffffff,8864a4b2a5fffff,8a64a4b2a42ffff,8c64a4b2a428dff
ก๋วยเตี๋ยวไก่,ChIJoQuHkZuj4jARms-67aw1VDM,13.6597777,100.5030299,4.0,1.0,"[""Noodle shop""]","[""noodle_shop""]",8664a4b27ffffff,8864a4b223fffff,8a64a4b22257fff,8c64a4b22256dff
Namana ข้าวไก่อบนุ่ม Halal,ChIJHbm7g0Sj4jARiT_f5I4SW8Y,13.6472188,100.5183849,4.7,3.0,"[""Halal restaurant""]","[""halal_restaurant""]",8664a4b27ffffff,8864a4b229fffff,8a64a4b22977fff,8c64a4b229739ff
สเต็กปากมันส์,ChIJZ2mDRy6j4jAR3lgsc2hfQUw,13.642927799999999,100.4935289,5.0,3.0,"[""Steak house""]","[""steak_house""]",8664a4b27ffffff,8864a4b239fffff,8a64a4b2382ffff,8c64a4b2382d9ff
kuncleleaw,ChIJVTyXBgCj4jART0feZdbA79s,13.6448953,100.49861969999999,4.8,24.0,"[""Korean restaurant""]","[""korean_restaurant""]",8664a4b27ffffff,8864a4b239fffff,8a64a4b239a7fff,8c64a4b239a25ff
ยักษ์กินแซลมอน Yak Kin Salmon,ChIJ4ynTxpKj4jARXyaxxzGw7sQ,13.6508609,100.4838558,4.9,49.0,"[""Japanese restaurant""]","[""japanese_restaurant""]",8664a4b27ffffff,8864a4b233fffff,8a64a4b23307fff,8c64a4b23304bff
A Ramen ราเมงข้อสอบ (Pracha Uthit),ChIJre3L1Hej4jARuuioe-zVgPI,13.6529034,100.49672919999999,4.7,233.0,"[""Ramen restaurant""]","[""ramen_restaurant""]",8664a4b27ffffff,8864a4b23dfffff,8a64a4b23c57fff,8c64a4b23c535ff
The Garden Dough,ChIJH235k1Wi4jARyRRXMtUofBE,13.6480144,100.4850534,4.5,279.0,"[""Italian restaurant""]","[""italian_restaurant""]",8664a4b27ffffff,8864a4b23bfffff,8a64a4b23aaffff,8c64a4b23aab9ff
Suki Teenoi Susco Phuttha Bucha,ChIJT-MmY-mj4jARBxgvjap0hf0,13.6513399,100.4889934,4.4,589.0,"[""Buffet restaurant""]","[""buffet_restaurant""]",8664a4b27ffffff,8864a4b231fffff,8a64a4b2315ffff,8c64a4b2315a1ff
CHEER BAN やきにく,ChIJr5IxUc2j4jARHN5mB9YeKwI,13.649978299999999,100.47996669999999,4.7,177.0,"[""Japanese restaurant""]","[""japanese_restaurant""]",8664a4b27ffffff,8864a4b233fffff,8a64a4b23347fff,8c64a4b233451ff
หนีแม่มายำ-ยำรสเด็ดสาขาพุทธบูชา,ChIJ0VcgVg6j4jARbAnD-vU2dME,13.651138999999999,100.4893582,4.6,40.0,"[""Restaurant""]","[""restaurant""]",8664a4b27ffffff,8864a4b231fffff,8a64a4b2315ffff,8c64a4b2315e7ff
ขอ หั้ย บอก,ChIJIUWH2_6i4jARQTlVBBjAlIo,13.6498733,100.48143879999999,4.4,30.0,"[""Restaurant""]","[""restaurant""]",8664a4b27ffffff,8864a4b233fffff,8a64a4b23377fff,8c64a4b233751ff
Bonchon Prachautit 45,ChIJo5U23C-j4jAR_oFzTN4NRAQ,13.6521581,100.4969515,4.2,101.0,"[""Korean restaurant""]","[""korean_restaurant""]",8664a4b27ffffff,8864a4b23dfffff,8a64a4b23c57fff,8c64a4b23c50bff
Riche Bar,ChIJUwbHyaOj4jARPXjkp-hbkG4,13.645321,100.4778905,4.5,71.0,"[""Restaurant""]","[""restaurant""]",8664a4b27ffffff,8864a4b2edfffff,8a64a4b2ed1ffff,8c64a4b2ed1a9ff
Kaw-Yai Seafood,ChIJXUZLcVai4jAR5JXWQjFnuj4,13.6511929,100.48649859999999,4.3,1040.0,"[""Seafood restaurant""]","[""seafood_restaurant""]",8664a4b27ffffff,8864a4b231fffff,8a64a4b2306ffff,8c64a4b2306e3ff
Risetto Ramen,ChIJvxtU82m94jARbBGsGs6eb-s,13.6396567,100.4984624,5.0,5.0,"[""Japanese restaurant""]","[""japanese_restaurant""]",8664a4b27ffffff,8864a4b203fffff,8a64a4b2028ffff,8c64a4b202813ff
OIKOS Cafe & Restaurant,ChIJm7IQK9a94jAR_9ZJMxhy7SY,13.678403099999999,100.4308526,4.4,243.0,"[""Restaurant""]","[""restaurant""]",8664a4b0fffffff,8864a4b0c1fffff,8a64a4b0c147fff,8c64a4b0c1411ff
ลำขนาด อาหารเหนือ - Lum ka nad Restaurant,ChIJD6LKJEe94jARYcxHQHr7XV4,13.6727651,100.42376329999999,4.3,32.0,"[""Thai restaurant""]","[""thai_restaurant""]",8664a4b0fffffff,8864a4b0cbfffff,8a64a4b0ca67fff,8c64a4b0ca631ff
BBQ Homemade By C.Ton,ChIJhY7QVU-j4jARydQWjazvhXc,13.6518651,100.4878464,,,"[""Restaurant""]","[""restaurant""]",8664a4b27ffffff,8864a4b231fffff,8a64a4b23077fff,8c64a4b230711ff
มามา-กัญ (Mamacan),ChIJ2ykkCLij4jARd-Sn4ci_E-g,13.6431034,100.5010149,5.0,6.0,"[""Restaurant"",""Cafe""]","[""restaurant"",""cafe""]",8664a4b27ffffff,8864a4b207fffff,8a64a4b20677fff,8c64a4b20673bff
คั่วไก่เจ๊เนี้ยว2524,ChIJ3YyxGMCj4jARFy4MoUU_L8c,13.636601899999999,100.5017586,4.5,164.0,"[""Restaurant"",""Noodle shop""]","[""restaurant"",""noodle_shop""]",8664a4b27ffffff,8864a4b203fffff,8a64a4b203a7fff,8c64a4b203a37ff
เครปยักษ์ไส้ทะลัก,ChIJkxrk4Oij4jAR4381bf1DUd0,13.6502992,100.49669379999999,4.5,41.0,"[""Creperie""]","[""creperie""]",8664a4b27ffffff,8864a4b23dfffff,8a64a4b23c67fff,8c64a4b23c607ff
KFC @Susco square,ChIJ7crcpPaj4jAR3QlRUKokiWI,13.6509124,100.4887864,3.9,21.0,"[""Fast food restaurant""]","[""fast_food_restaurant""]",8664a4b27ffffff,8864a4b231fffff,8a64a4b2315ffff,8c64a4b231587ff
ร้านสุดสงวน by ศรแก้ว&colour,ChIJwzm4WwCj4jARDACiu0lu_9M,13.639825499999999,100.4998632,4.0,3.0,"[""Restaurant""]","[""restaurant""]",8664a4b27ffffff,8864a4b203fffff,8a64a4b20287fff,8c64a4b20286dff
ต้มเลือดหมูท่านเปา ประชาอุทิศ 62,ChIJXx6MOwCj4jARGMX5QqIoacQ,13.6339259,100.50272319999999,5.0,3.0,"[""Thai restaurant""]","[""thai_restaurant""]",8664a4b27ffffff,8864a4b201fffff,8a64a4b2006ffff,8c64a4b20336dff
เฮือนของพ่อ My Daddy's Home,ChIJuWz8R9mj4jARa0ymfEPdH5M,13.658292999999999,100.4713293,4.8,250.0,"[""Restaurant"",""Antique store"",""Bakery"",""Cafe"",""Coffee shop"",""Gift shop"",""Pottery store""]","[""restaurant"",""antique_store"",""bakery"",""cafe"",""coffee_shop"",""gift_shop"",""pottery_store""]",8664a4b2fffffff,8864a4b2e5fffff,8a64a4b2e48ffff,8c64a4b2e48bdff
ครัวกันเอง,ChIJm5ZRHxqj4jARVgsfB1L8ziY,13.6512035,100.4842956,4.6,49.0,"[""Restaurant""]","[""restaurant""]",8664a4b27ffffff,8864a4b233fffff,8a64a4b23337fff,8c64a4b233317ff
Cholos BKK Charoen Krung,ChIJwxEi4oeZ4jARv1tApnxWFy8,13.7306785,100.51531,4.7,343.0,"[""Mexican restaurant"",""Burrito restaurant"",""Taco restaurant""]","[""mexican_restaurant"",""burrito_restaurant"",""taco_restaurant""]",8664a4b17ffffff,8864a4b155fffff,8a64a4b1541ffff,8c64a4b154187ff
White Flower Factory - ครัวดอกไม้ขาว,ChIJ937RdtKe4jARPRuzBAQLNxc,13.745330399999999,100.5337883,4.6,1431.0,"[""Thai restaurant"",""Bakery"",""Dessert shop"",""Fusion restaurant""]","[""thai_restaurant"",""bakery"",""dessert_shop"",""fusion_restaurant""]",8664a4b17ffffff,8864a4b16bfffff,8a64a4b16ac7fff,8c64a4b16ac43ff
EKKA Indian Grill and Bar,ChIJW20-keCf4jARNnKUPuLkHI4,13.7298829,100.53108119999999,4.8,630.0,"[""Indian restaurant"",""Bar"",""Restaurant""]","[""indian_restaurant"",""bar"",""restaurant""]",8664a4b17ffffff,8864a4b141fffff,8a64a4b140cffff,8c64a4b140cc1ff
Siam Yacht Club,ChIJa_QR2BmZ4jARsm5cD7Q1ehk,13.7290292,100.5138838,4.7,411.0,"[""Seafood restaurant"",""Bar""]","[""seafood_restaurant"",""bar""]",8664a4b17ffffff,8864a4b155fffff,8a64a4b15477fff,8c64a4b154549ff
The Shack Bangkok,ChIJ4RFNvWCd4jARElwEvZGUWT8,13.729104999999999,100.52866159999999,4.7,635.0,"[""Hamburger restaurant"",""Bar & grill"",""Breakfast restaurant"",""Coffee shop"",""Restaurant"",""Steak house""]","[""hamburger_restaurant"",""bar_and_grill"",""breakfast_restaurant"",""coffee_shop"",""restaurant"",""steak_house""]",8664a4b17ffffff,8864a4b143fffff,8a64a4b14387fff,8c64a4b14380bff
Ojo Bangkok,ChIJkyzUoEyZ4jARDEHlKpWbX50,13.723645,100.528241,4.5,2104.0,"[""Mexican restaurant""]","[""mexican_restaurant""]",8664a4b17ffffff,8864a4b14bfffff,8a64a4b14a8ffff,8c64a4b14a897ff
Kalamansi kafe,ChIJBw6CrSCf4jAR43DSLO5cSsY,13.721182899999999,100.5377034,4.9,835.0,"[""Filipino restaurant""]","[""filipino_restaurant""]",8664a4b17ffffff,8864a4b149fffff,8a64a4b148f7fff,8c64a4b148f4bff
iODE,ChIJVV_VBCqf4jARXB3NdInE6ak,13.719433599999999,100.5476443,4.8,436.0,"[""French restaurant""]","[""french_restaurant""]",8664a4b37ffffff,8864a4b327fffff,8a64a4b3261ffff,8c64a4b3261c5ff
Bonjour Bonsoir - Modern Bouillon & Café,ChIJHc_k9F-f4jARpDqAFREosbY,13.729409899999999,100.5482421,4.9,67.0,"[""Restaurant"",""Bakery"",""Bar"",""Cafe"",""French steakhouse restaurant"",""Live music venue"",""Lunch restaurant"",""Modern French restaurant"",""Pastry shop"",""Steak house""]","[""restaurant"",""bakery"",""bar"",""cafe"",""french_steakhouse_restaurant"",""live_music_venue"",""lunch_restaurant"",""modern_french_restaurant"",""pastry_shop"",""steak_house""]",8664a4b17ffffff,8864a48493fffff,8a64a4849367fff,8c64a4849361bff
Armenio's Modern Grandma,ChIJ29JGW2if4jARCjVU6F91zDc,13.7219907,100.5479364,4.8,187.0,"[""Italian restaurant"",""Southern Italian restaurant""]","[""italian_restaurant"",""southern_italian_restaurant""]",8664a4b37ffffff,8864a4b327fffff,8a64a4b3268ffff,8c64a4b3268e1ff
Popote French bistro & café - Suan Phlu,ChIJF5SvjLGf4jARzIdAfl37K_Y,13.7197487,100.538253,4.9,247.0,"[""Cafe"",""Bistro"",""Breakfast restaurant"",""Brunch restaurant"",""Coffee shop""]","[""cafe"",""bistro"",""breakfast_restaurant"",""brunch_restaurant"",""coffee_shop""]",8664a4b17ffffff,8864a4b149fffff,8a64a4b14807fff,8c64a4b148031ff
Jyak & Lym,ChIJkcpn3gOf4jAR6fsrLOJZauw,13.719453699999999,100.53824379999999,4.9,414.0,"[""Malaysian restaurant"",""Nyonya restaurant"",""Restaurant""]","[""malaysian_restaurant"",""nyonya_restaurant"",""restaurant""]",8664a4b17ffffff,8864a4b149fffff,8a64a4b14807fff,8c64a4b148003ff
Saffron Sky Garden,ChIJQz7QYbuf4jARsvu4iVwHRio,13.723564699999999,100.5396054,4.7,46.0,"[""Thai restaurant"",""Bar"",""Fine dining restaurant""]","[""thai_restaurant"",""bar"",""fine_dining_restaurant""]",8664a4b17ffffff,8864a4b149fffff,8a64a4b14897fff,8c64a4b148913ff
Noodle Bowl Chiang Mai,ChIJvft1u8o72jARu33jrQpohwY,18.8004256,98.95880749999999,4.9,100.0,"[""Korean restaurant""]","[""korean_restaurant""]",866482c6fffffff,886482c697fffff,8a6482c69657fff,8c6482c696529ff
YOBO (โยโบ),ChIJNSTScAA72jAR7Ej1oPzbPQE,18.80736,98.9602141,4.9,116.0,"[""Coffee shop"",""Breakfast restaurant"",""Health food restaurant"",""Health food store"",""Vietnamese restaurant""]","[""coffee_shop"",""breakfast_restaurant"",""health_food_restaurant"",""health_food_store"",""vietnamese_restaurant""]",866482c6fffffff,886482136dfffff,8a6482136daffff,8c6482136dac1ff
หมวย ข้าวซอย Muay Khao Soi ขนมจีนน้ำเงี้ยว อาหารเหนือ แคบหมู น้ำพริกหนุ่ม แกงเขียวหวาน เชียงใหม่,ChIJ9d0-4EQx2jARMqOkQAOcCGo,18.7955567,98.9652759,4.8,147.0,"[""Restaurant"",""Noodle shop"",""Rice restaurant"",""Southeast Asian restaurant"",""Thai restaurant""]","[""restaurant"",""noodle_shop"",""rice_restaurant"",""south_east_asian_restaurant"",""thai_restaurant""]",866482c6fffffff,886482c691fffff,8a6482c6908ffff,8c6482c6908adff
Away Home,ChIJi8KB_QQx2jARdGS0RJyGiKc,18.8101822,98.96468449999999,4.6,35.0,"[""Restaurant""]","[""restaurant""]",866482c6fffffff,886482c6bbfffff,8a6482c6bad7fff,8c6482c6bad53ff
Real Good Pasta,ChIJz4kQRQA72jAR7XAVesj-SyQ,18.7977788,98.9671874,4.5,134.0,"[""Restaurant"",""Italian restaurant""]","[""restaurant"",""italian_restaurant""]",866482c6fffffff,886482c695fffff,8a6482c69447fff,8c6482c694451ff
Clove & Co,ChIJ4Q7pzrY72jARPqCcEWOUfCo,18.7992819,98.9687184,4.7,37.0,"[""Restaurant""]","[""restaurant""]",866482c6fffffff,886482c695fffff,8a6482c6940ffff,8c6482c694097ff
Lido,ChIJP-NaTYur_TARnWhlMfxusmE,12.5664904,99.9623692,4.7,595.0,"[""Italian restaurant"",""Restaurant""]","[""italian_restaurant"",""restaurant""]",86658bb5fffffff,88658bb5c3fffff,8a658bb5c21ffff,8c658bb5c21bbff
Brunch & Brew by HOC สาขาหัวหิน มาร์เก็ตวิลเลจ,ChIJ1TMLwo-r_TARFDTeRI-bHYI,12.5575628,99.9604509,4.8,432.0,"[""Brunch restaurant"",""Bakery"",""Bead store"",""Breakfast restaurant"",""Cake shop"",""Coffee shop"",""Lunch restaurant"",""Soft drinks shop""]","[""brunch_restaurant"",""bakery"",""bead_store"",""breakfast_restaurant"",""cake_shop"",""coffee_shop"",""lunch_restaurant"",""soft_drinks_shop""]",86658bb5fffffff,88658bb5ddfffff,8a658bb5ddaffff,8c658bb5dda83ff
Rocks Restaurant,ChIJ_68PQ5ur_TARfdWag1CKyJo,12.5637829,99.9624954,4.9,55.0,"[""Restaurant""]","[""restaurant""]",86658bb5fffffff,88658bb5c3fffff,8a658bb5c22ffff,8c658bb5c22d7ff
Praça,ChIJXdeVNair_TARbINoxx-ziVU,12.5665701,99.9626862,4.7,319.0,"[""Restaurant"",""Thai restaurant""]","[""restaurant"",""thai_restaurant""]",86658bb5fffffff,88658bb5c3fffff,8a658bb5c21ffff,8c658bb5c21bdff
Big Bull Steakhouse Hua Hin,ChIJ3QsTRJyr_TARjUyH8AveF5k,12.5732378,99.9593191,4.8,466.0,"[""Steak house""]","[""steak_house""]",86658bb5fffffff,88658bb589fffff,8a658bb58807fff,8c658bb58800bff
Mukti Hua Hin,ChIJC4kIIsEB_TARY_PAk0WSdn0,12.5758545,99.91773979999999,4.8,166.0,"[""Indian restaurant""]","[""indian_restaurant""]",86658ba67ffffff,88658bb593fffff,8a658bb5924ffff,8c658bb592481ff
Trattoria by Andreas,ChIJc6X4hJar_TARFDLK5KgmrYU,12.5337517,99.9658262,4.4,931.0,"[""Italian restaurant""]","[""italian_restaurant""]",86658bb47ffffff,88658bb439fffff,8a658bb4385ffff,8c658bb4385a3ff
Bluebox Bar and Bistro,ChIJTcIosYKr_TARoGCgra6Zbfw,12.5546355,99.9536481,4.8,92.0,"[""Bar & grill"",""Cocktail bar"",""Hamburger restaurant"",""Mexican restaurant"",""Restaurant"",""Sandwich shop"",""Thai restaurant""]","[""bar_and_grill"",""cocktail_bar"",""hamburger_restaurant"",""mexican_restaurant"",""restaurant"",""sandwich_shop"",""thai_restaurant""]",86658bb5fffffff,88658bb5d9fffff,8a658bb5d89ffff,8c658bb5d89e9ff
coffee mood cafe and restaurant hua hin,ChIJnTAl2Eer_TARcSiZbMkLUtY,12.5797815,99.9220733,4.8,42.0,"[""Restaurant""]","[""restaurant""]",86658ba67ffffff,88658bb593fffff,8a658bb5928ffff,8c658bb5928d5ff
DOU' 荳 - โต้ว พุทธบูชา,ChIJydD5ZACj4jARoDeua0SYVls,13.647146099999999,100.479917,4.6,13.0,"[""Dessert restaurant""]","[""dessert_restaurant""]",8664a4b27ffffff,8864a4b2edfffff,8a64a4b2edb7fff,8c64a4b2edb17ff
Paradise Lost Bangkok,ChIJa8Af72WZ4jARxXpUbgzIsdw,13.7472745,100.5269572,4.6,201.0,"[""Restaurant""]","[""restaurant""]",8664a4b17ffffff,8864a4b10dfffff,8a64a4b10c8ffff,8c64a4b10c813ff
Ko' Edo,ChIJT1SX7Q-f4jARPs72c600vVQ,13.730033299999999,100.53424109999999,4.9,28.0,"[""Japanese restaurant""]","[""japanese_restaurant""]",8664a4b17ffffff,8864a4b141fffff,8a64a4b140affff,8c64a4b140abbff
ป.รุ่งโรจน์โอชา,ChIJdw450_KZ4jAREpXXTERw_-Q,13.734376399999999,100.52428019999999,4.9,28.0,"[""Restaurant"",""Noodle shop"",""Rice restaurant"",""Thai restaurant""]","[""restaurant"",""noodle_shop"",""rice_restaurant"",""thai_restaurant""]",8664a4b17ffffff,8864a4b109fffff,8a64a4b10907fff,8c64a4b109061ff
Test Kitchen By TFS,ChIJqQ2DDgOZ4jARTpTNi_hhIjE,13.7355551,100.5239642,4.7,112.0,"[""Restaurant"",""Breakfast restaurant"",""Coworking space"",""Event venue"",""Lunch restaurant"",""Coffee shop"",""Tea store""]","[""restaurant"",""breakfast_restaurant"",""coworking_space"",""event_venue"",""lunch_restaurant"",""coffee_shop"",""tea_store""]",8664a4b17ffffff,8864a4b109fffff,8a64a4b10917fff,8c64a4b1091edff
Min Sushi by Sushi Cottage ずしコテージ,ChIJC_IG4WGZ4jARJil71QyJnJQ,13.740359,100.525112,4.8,247.0,"[""Sushi restaurant""]","[""sushi_restaurant""]",8664a4b17ffffff,8864a4b10dfffff,8a64a4b10d6ffff,8c64a4b10d6a7ff
Maji Curry,ChIJ_53rJw6f4jARqQOQOs-5dkk,13.746146399999999,100.5323825,4.6,1282.0,"[""Japanese curry restaurant""]","[""japanese_curry_restaurant""]",8664a4b17ffffff,8864a4b16bfffff,8a64a4b16acffff,8c64a4b16aca9ff
KOKO SIAM 1996,ChIJj1il7lyf4jARZdCtq6GTvHg,13.7447544,100.5327342,4.1,508.0,"[""Thai restaurant"",""Vegetarian restaurant""]","[""thai_restaurant"",""vegetarian_restaurant""]",8664a4b17ffffff,8864a4b16bfffff,8a64a4b16aeffff,8c64a4b16ae87ff
ร้านมังสวิรัติ Sumalee Vegetarian,ChIJkw9g4m-Z4jARUh6BKgHS2Bc,13.7463114,100.52027969999999,4.7,34.0,"[""Vegetarian restaurant""]","[""vegetarian_restaurant""]",8664a4b17ffffff,8864a4b101fffff,8a64a4b1019ffff,8c64a4b1019d9ff
Small Dinner Club,ChIJoc4dD3aZ4jAR8cIvFuqN2pE,13.7282057,100.5160011,4.7,71.0,"[""Restaurant""]","[""restaurant""]",8664a4b17ffffff,8864a4b155fffff,8a64a4b15427fff,8c64a4b154217ff
TOOKPAK ถูกปาก (Convent Rd),ChIJj9qIRdyf4jARnSgVqzgmJBY,13.7240573,100.5348559,4.7,371.0,"[""Thai restaurant""]","[""thai_restaurant""]",8664a4b17ffffff,8864a4b141fffff,8a64a4b14177fff,8c64a4b14170bff
"Scarletta Pasta Bar, BLOQyard",ChIJDbEUlP2f4jAR5gI2LTXfFxg,13.7242701,100.5296558,4.7,144.0,"[""Italian restaurant""]","[""italian_restaurant""]",8664a4b17ffffff,8864a4b14bfffff,8a64a4b14a9ffff,8c64a4b14a9ddff
หลงข้าวผัดปู สีลมเอจ,ChIJy6UtjVef4jARhcdA_bWsWdE,13.729343799999999,100.5360292,4.7,18.0,"[""Thai restaurant""]","[""thai_restaurant""]",8664a4b17ffffff,8864a4b141fffff,8a64a4b140a7fff,8c64a4b140a55ff
ROUX'S,ChIJ6bsdFyOf4jARwkK6xhgKl1A,13.7239808,100.5348854,4.5,254.0,"[""Japanized western restaurant"",""Pasta shop""]","[""japanized_western_food_restaurant"",""pasta_shop""]",8664a4b17ffffff,8864a4b141fffff,8a64a4b14177fff,8c64a4b14170bff
Jones' Salad สาขา ศาลาแดง (Saladaeng),ChIJrVO6v9CZ4jARktYGKDwyZaQ,13.7282999,100.5341023,4.7,510.0,"[""Health food restaurant""]","[""health_food_restaurant""]",8664a4b17ffffff,8864a4b141fffff,8a64a4b1401ffff,8c64a4b1401ddff
J-Yay - Organic Vegetables,ChIJJaGPAGM62jARBIXzPADSIi8,18.7966861,98.9656547,4.6,154.0,"[""Restaurant""]","[""restaurant""]",866482c6fffffff,886482c691fffff,8a6482c6909ffff,8c6482c6909a3ff
Newtown Nimman,ChIJ12WKhmM72jARzYNMwoqZN4Y,18.7974155,98.970824,4.3,322.0,"[""Brunch restaurant"",""Brewpub"",""Cafe"",""Steak house""]","[""brunch_restaurant"",""brewpub"",""cafe"",""steak_house""]",866482c6fffffff,886482c695fffff,8a6482c69557fff,8c6482c695525ff
Restaurant food & drink,ChIJ8RIgcPo72jAR7BGArEUAjDo,18.802405999999998,98.97102489999999,4.5,2.0,"[""Thai restaurant""]","[""thai_restaurant""]",866482c6fffffff,886482c695fffff,8a6482c69487fff,8c6482c6948edff
Figs,ChIJhcYnlaOr_TARKA_kfF55HvQ,12.5371816,99.96780009999999,4.5,129.0,"[""Italian restaurant"",""Thai restaurant""]","[""italian_restaurant"",""thai_restaurant""]",86658bb47ffffff,88658bb431fffff,8a658bb4312ffff,8c658bb4312cbff
COCA Pop Up Hua Hin,ChIJgfE8Iemr_TARrzLRJqhw2mQ,12.5711555,99.9569428,4.5,197.0,"[""Restaurant""]","[""restaurant""]",86658bb5fffffff,88658bb589fffff,8a658bb58867fff,8c658bb588647ff
Thai Swiss German Restaurant,ChIJla6dwiir_TARxYx5FxAQJq4,12.5725108,99.94397239999999,4.8,94.0,"[""Swiss restaurant"",""Restaurant""]","[""swiss_restaurant"",""restaurant""]",86658bb5fffffff,88658bb59dfffff,8a658bb59d07fff,8c658bb59d069ff
Rose Garden Guesthouse and Restaurant Soi 88,ChIJ5eow2Kqr_TARjDbyYBrpim0,12.5607425,99.9502792,4.6,80.0,"[""Restaurant""]","[""restaurant""]",86658bb5fffffff,88658bb5d1fffff,8a658bb5d0a7fff,8c658bb5d0a07ff
Dusit Gourmet Hua Hin,ChIJD_PrDiKr_TARRYzJO_DXYbM,12.5435676,99.9623896,4.8,42.0,"[""Restaurant"",""Breakfast restaurant"",""Seafood restaurant""]","[""restaurant"",""breakfast_restaurant"",""seafood_restaurant""]",86658bb47ffffff,88658bb431fffff,8a658bb430cffff,8c658bb430cc7ff
Lanla Restaurant,ChIJYXI0qL-r_TARj-OtfU_b1Lc,12.554346899999999,99.9567572,4.6,17.0,"[""Restaurant""]","[""restaurant""]",86658bb5fffffff,88658bb5ddfffff,8a658bb5dd47fff,8c658bb5dd41dff
กุยช่ายรามา (ปลีก-ส่ง),ChIJtUp-vGyj4jARThQ1VZDTY_U,13.657763899999999,100.471975,,,"[""Fast food restaurant""]","[""fast_food_restaurant""]",8664a4b2fffffff,8864a4b2e5fffff,8a64a4b2e48ffff,8c64a4b2e48c5ff
Epia Asiatique,ChIJgRgbFNGZ4jAR3NVWNDrEY8g,13.70474,100.50306549999999,4.8,550.0,"[""Asian restaurant""]","[""asian_restaurant""]",8664a4b07ffffff,8864a4b067fffff,8a64a4b06707fff,8c64a4b06706dff
Karayama สยามสแควร์วัน ชั้น 4,ChIJ04yB2lqf4jARcJ7kJIijb8g,13.7450545,100.5340346,4.5,218.0,"[""Japanese restaurant"",""Restaurant""]","[""japanese_restaurant"",""restaurant""]",8664a4b17ffffff,8864a4b16bfffff,8a64a4b16ae7fff,8c64a4b16ae23ff
Peppery Thai Bistro (Siam Paragon),ChIJocsm782e4jARRJdaSjE2dZo,13.74625,100.5351075,4.4,589.0,"[""Thai restaurant""]","[""thai_restaurant""]",8664a4b17ffffff,8864a4b16bfffff,8a64a4b16a8ffff,8c64a4b16af25ff
Nana Toku Shabu,ChIJd555aSaf4jARnjIZ_gn_nUU,13.745605999999999,100.53307889999999,4.6,151.0,"[""Shabu-shabu restaurant"",""Japanese restaurant"",""Sukiyaki and Shabu Shabu restaurant""]","[""shabu_shabu_restaurant"",""japanese_restaurant"",""shabu_shabu_and_sukiyaki_restaurant""]",8664a4b17ffffff,8864a4b16bfffff,8a64a4b16ac7fff,8c64a4b16ac11ff
Signature Bangkok,ChIJRxVBdTyf4jARGLWgEHjEIq4,13.750491499999999,100.53198069999999,4.7,127.0,"[""French restaurant"",""Restaurant""]","[""french_restaurant"",""restaurant""]",8664a4b17ffffff,8864a4b163fffff,8a64a4b1622ffff,8c64a4b1622edff
Sindosegi Thailand (ซินโดเซกิ),ChIJcdXwlUif4jAR2xee0t6QEs0,13.7442099,100.5351117,4.4,316.0,"[""Restaurant"",""Korean barbecue restaurant"",""Korean beef restaurant""]","[""restaurant"",""korean_barbecue_restaurant"",""korean_beef_restaurant""]",8664a4b17ffffff,8864a4b16bfffff,8a64a4b16a1ffff,8c64a4b16a19dff
Kizahashi,ChIJxRisvSuf4jARupFJ2AARZ4k,13.7303251,100.5332966,4.3,159.0,"[""Okonomiyaki restaurant""]","[""okonomiyaki_restaurant""]",8664a4b17ffffff,8864a4b141fffff,8a64a4b140f7fff,8c64a4b140f3dff
I Food Bar & Restaurant,ChIJDY6pEWmf4jARossOvyRwYRg,13.7537478,100.5370839,4.7,418.0,"[""Restaurant""]","[""restaurant""]",8664a4b17ffffff,8864a4b167fffff,8a64a4b16767fff,8c64a4b160cb7ff
Lahnyai,ChIJXz_Yexif4jARrAY1EbNGsRQ,13.7222034,100.5384119,4.6,99.0,"[""Fine dining restaurant""]","[""fine_dining_restaurant""]",8664a4b17ffffff,8864a4b149fffff,8a64a4b1488ffff,8c64a4b1488cbff
OJI Omakase at Sathorn,ChIJ-eRZ7dif4jARwl4RGXfAbuI,13.722354699999999,100.5467663,4.6,277.0,"[""Sushi restaurant""]","[""sushi_restaurant""]",8664a4b37ffffff,8864a4b327fffff,8a64a4b326d7fff,8c64a4b326d65ff
Shikō Udon Bar Silom Edge,ChIJz--UZhGf4jARr7GK-1SIGf8,13.729195899999999,100.5357348,4.4,345.0,"[""Udon noodle restaurant""]","[""udon_noodle_shop""]",8664a4b17ffffff,8864a4b141fffff,8a64a4b140a7fff,8c64a4b140a53ff
EASY! buddy Sathorn Corner,ChIJ_VrozvOf4jARVqHG7TutA8U,13.7233591,100.53112349999999,4.6,523.0,"[""Thai restaurant""]","[""thai_restaurant""]",8664a4b17ffffff,8864a4b14bfffff,8a64a4b14ab7fff,8c64a4b14ab15ff
Sushi Sora,ChIJG5cMlYmf4jARjI14Tvhzj5I,13.7262378,100.5431816,4.9,349.0,"[""Sushi restaurant""]","[""sushi_restaurant""]",8664a4b17ffffff,8864a4b14dfffff,8a64a4b14c2ffff,8c64a4b14c2a1ff
Baan Buri Café & Restaurant,ChIJewuWwkIx2jARDabbh98WH6k,18.7885593,98.9830724,4.5,434.0,"[""Restaurant"",""Bar"",""Breakfast restaurant"",""Brunch restaurant"",""Cafe"",""Coffee shop"",""Sandwich shop"",""Thai restaurant"",""Wine bar""]","[""restaurant"",""bar"",""breakfast_restaurant"",""brunch_restaurant"",""cafe"",""coffee_shop"",""sandwich_shop"",""thai_restaurant"",""wine_bar""]",866482c6fffffff,886482c68bfffff,8a6482c68b5ffff,8c6482c68b5adff
Charmm Restaurant,ChIJU2K-EZc62jARcQompfoOR54,18.7946702,98.98717169999999,4.6,11.0,"[""Restaurant""]","[""restaurant""]",866482c6fffffff,886482c681fffff,8a6482c6814ffff,8c6482c6814bdff
ร้านอาหารยอดฮิต,ChIJHzcnKBM72jARydTEoA0IZBc,18.7926411,98.9557353,4.0,1.0,"[""Thai restaurant""]","[""thai_restaurant""]",866482137ffffff,886482c693fffff,8a6482c69207fff,8c6482c692003ff
Charcoa Restaurant,ChIJa0PtCRQ72jARH7lIwb5Bp-M,18.7908538,98.9814104,3.8,9.0,"[""Italian restaurant""]","[""italian_restaurant""]",866482c6fffffff,886482c68bfffff,8a6482c68a57fff,8c6482c68a523ff
The '90s - Burmese Tea & Noodles Shop,ChIJGVpOLOo72jARSYTubVBMh2E,18.7977354,98.96760069999999,5.0,20.0,"[""Burmese restaurant""]","[""burmese_restaurant""]",866482c6fffffff,886482c695fffff,8a6482c69447fff,8c6482c694449ff
Ming Kwan Vegetarian Food,ChIJjS2JcoQ72jARmzOp8FYxU7Y,18.7893515,98.9669906,4.7,167.0,"[""Vegetarian restaurant""]","[""vegetarian_restaurant""]",866482c6fffffff,886482c691fffff,8a6482c6910ffff,8c6482c6910e9ff
Food Exchange at Novotel Chiangmai Nimman Journeyhub,ChIJVaj8Luo72jARgXBEHOxfNds,18.8046896,98.9637906,4.5,6.0,"[""Restaurant"",""Bar"",""Buffet restaurant"",""Cafe"",""Thai restaurant"",""Western restaurant""]","[""restaurant"",""bar"",""buffet_restaurant"",""cafe"",""thai_restaurant"",""western_restaurant""]",866482c6fffffff,886482c6bbfffff,8a6482c6ba67fff,8c6482c6ba65dff
ป้าน้องขนมจีนน้ำเงี้ยว น้ำยากะทิ,ChIJA4I-q7072jARv2jV8rbR5UY,18.8061003,98.9703718,5.0,1.0,"[""Thai restaurant""]","[""thai_restaurant""]",866482c6fffffff,886482c6bbfffff,8a6482c6bb17fff,8c6482c6bb167ff
The Moon Eatery,ChIJ7WZcN4872jAR1NzCtscmqO4,18.7977257,98.97495769999999,4.6,857.0,"[""Brunch restaurant"",""Western restaurant""]","[""brunch_restaurant"",""western_restaurant""]",866482c6fffffff,886482c695fffff,8a6482c6824ffff,8c6482c6824bbff
ร้านน้องเก๋ - Nong Kae Norther style food,ChIJBbL5xf472jAR6RygZByeRP0,18.7902983,98.9612808,5.0,2.0,"[""Thai restaurant""]","[""thai_restaurant""]",866482c6fffffff,886482c691fffff,8a6482c6906ffff,8c6482c6906a9ff
อาหารเช้าหัวหินMorning Bread Cafe' & Restaurant Hua Hin 94,ChIJ46W2c4-r_TARh8MzVTj0TGg,12.5547062,99.9598407,4.3,224.0,"[""Restaurant""]","[""restaurant""]",86658bb5fffffff,88658bb5ddfffff,8a658bb5dd2ffff,8c658bb5dd2a1ff
La Rosa Italian Restaurant,ChIJ-wPiOQCr_TARgRLRw46VeZo,12.553805899999999,99.95402349999999,4.6,28.0,"[""Italian restaurant""]","[""italian_restaurant""]",86658bb5fffffff,88658bb5d9fffff,8a658bb5d887fff,8c658bb5d8863ff
Royal Indian Restaurant,ChIJ1WnztbOr_TARklj7cni6qnQ,12.5689785,99.9599977,4.5,855.0,"[""Indian restaurant"",""Halal restaurant"",""Vegan restaurant"",""Vegetarian restaurant""]","[""indian_restaurant"",""halal_restaurant"",""vegan_restaurant"",""vegetarian_restaurant""]",86658bb5fffffff,88658bb589fffff,8a658bb5c2dffff,8c658bb5c2dbbff
Parboon Corat,ChIJUR31u6-r_TARsoifKLG8JPw,12.5553849,99.9569691,4.6,10.0,"[""Restaurant""]","[""restaurant""]",86658bb5fffffff,88658bb5ddfffff,8a658bb5dd5ffff,8c658bb5dd5c5ff
Parbun Korat Restaurant No 4,ChIJzZtnUwCr_TARxz_EVIrSw2M,12.557846699999999,99.95666539999999,5.0,14.0,"[""Thai restaurant""]","[""thai_restaurant""]",86658bb5fffffff,88658bb5ddfffff,8a658bb5dc0ffff,8c658bb5dc081ff
"Bayan Seaside Terrace, Hua Hin (ร้านบาหยัน ซีไซด์ เทอร์เรซ, หัวหิน)",ChIJ8amAduer_TARQLZAhcqP9rc,12.5597923,99.9631445,4.5,21.0,"[""Thai restaurant"",""Seafood restaurant"",""Western restaurant""]","[""thai_restaurant"",""seafood_restaurant"",""western_restaurant""]",86658bb5fffffff,88658bb5cbfffff,8a658bb5cacffff,8c658bb5cacb1ff
Please Don't Tell,ChIJsQw2R82r_TARO5_1fGthL6I,12.5598265,99.9557451,5.0,1.0,"[""Thai restaurant"",""European restaurant""]","[""thai_restaurant"",""european_restaurant""]",86658bb5fffffff,88658bb5ddfffff,8a658bb5dcc7fff,8c658bb5dcc43ff
Steak Van Adapt Restaurant,ChIJFbx55FOr_TARRQu4vYnScfs,12.5598437,99.95576299999999,4.7,6.0,"[""Family restaurant""]","[""family_restaurant""]",86658bb5fffffff,88658bb5ddfffff,8a658bb5dcc7fff,8c658bb5dcc43ff
Anoma's Restaurant,ChIJgYzejrKr_TARBZ9rvChRtik,12.5697303,99.9587382,4.4,203.0,"[""Restaurant"",""Bar & grill"",""Cafe"",""Swiss restaurant"",""Thai restaurant""]","[""restaurant"",""bar_and_grill"",""cafe"",""swiss_restaurant"",""thai_restaurant""]",86658bb5fffffff,88658bb589fffff,8a658bb58947fff,8c658bb589443ff
Trader Vic's at Anantara Riverside Bangkok Resort,ChIJyUJ-QZWY4jARqqtdcWwu7z0,13.7042433,100.49198849999999,4.4,329.0,"[""Asian fusion restaurant"",""Hawaiian restaurant"",""Polynesian restaurant"",""Restaurant"",""Steak house""]","[""asian_fusion_restaurant"",""hawaiian_restaurant"",""polynesian_restaurant"",""restaurant"",""steak_house""]",8664a4b07ffffff,8864a4b029fffff,8a64a4b0292ffff,8c64a4b029299ff
Wine Connection The Bright,ChIJIdYKisei4jAR0WxBKb3zIoo,13.6688423,100.4524612,4.4,164.0,"[""Restaurant""]","[""restaurant""]",8664a4b2fffffff,8864a4b2a5fffff,8a64a4b2a54ffff,8c64a4b2a5485ff
INDIAN RESTAURANT - HOMEMADE KITCHEN & CAFE,ChIJp7GV5U2Z4jARqaWjQLBRQP4,13.7187206,100.5078564,4.7,280.0,"[""Indian restaurant"",""Grill"",""Bar & grill"",""Cocktail bar"",""Coffee shop"",""Indian takeaway"",""Juice shop"",""Modern Indian restaurant""]","[""indian_restaurant"",""asador"",""bar_and_grill"",""cocktail_bar"",""coffee_shop"",""indian_takeaway"",""juice_shop"",""modern_indian_restaurant""]",8664a4b17ffffff,8864a4b151fffff,8a64a4b1514ffff,8c64a4b151497ff
River Barge Restaurant,ChIJC8xgCL-Y4jARzmG3QkbYcis,13.7112018,100.5090575,4.3,134.0,"[""Buffet restaurant"",""Breakfast restaurant"",""Restaurant"",""Thai restaurant""]","[""buffet_restaurant"",""breakfast_restaurant"",""restaurant"",""thai_restaurant""]",8664a4b07ffffff,8864a4b15bfffff,8a64a4b15b37fff,8c64a4b15b359ff
M&M Asiatique The Riverfront Indian-Thai Halal Restaurant,ChIJ-WmKMNiZ4jARa7p-qfRERBk,13.7033618,100.5036229,4.5,153.0,"[""Indian restaurant""]","[""indian_restaurant""]",8664a4b07ffffff,8864a4b061fffff,8a64a4b06727fff,8c64a4b067269ff
Mil Toast House,ChIJuYSMUGKj4jAR_azUhiZOubU,13.6879235,100.5053557,3.7,69.0,"[""Dessert restaurant""]","[""dessert_restaurant""]",8664a4b07ffffff,8864a4b069fffff,8a64a4b0694ffff,8c64a4b0694bdff
Baan India- Indian Cuisine,ChIJZzH_3weZ4jARAnhZYHpoKG4,13.7269847,100.5222376,4.9,300.0,"[""Indian restaurant""]","[""indian_restaurant""]",8664a4b17ffffff,8864a4b143fffff,8a64a4b14267fff,8c64a4b142635ff
Hasul (Siam Center 2nd Floor),ChIJUTsA_7Kf4jARSyLUGD5Tybw,13.7463962,100.5328031,4.3,195.0,"[""Korean restaurant""]","[""korean_restaurant""]",8664a4b17ffffff,8864a4b16bfffff,8a64a4b16adffff,8c64a4b16add1ff
Big Boy MBK,ChIJifdrytKe4jARbhU9Pmf-FPs,13.744787899999999,100.5300233,3.6,99.0,"[""American restaurant""]","[""american_restaurant""]",8664a4b17ffffff,8864a4b10dfffff,8a64a4b10d87fff,8c64a4b10d80bff
Spacezoo,ChIJk_f4g-mf4jARO4f-EITFz_g,13.7440798,100.5327281,4.2,106.0,"[""Korean restaurant""]","[""korean_restaurant""]",8664a4b17ffffff,8864a4b16bfffff,8a64a4b16aeffff,8c64a4b16aed9ff
YoGiYo Korean Restaurant,ChIJpaQmPy2f4jARCNi_Mn9ohZs,13.724763399999999,100.53070749999999,4.5,404.0,"[""Korean restaurant""]","[""korean_restaurant""]",8664a4b17ffffff,8864a4b141fffff,8a64a4b14a97fff,8c64a4b14a939ff
Nikaku Bangkok,ChIJUZp-kVOZ4jAR7ywsoZPWijY,13.721915399999999,100.5287244,4.7,18.0,"[""Sushi restaurant""]","[""sushi_restaurant""]",8664a4b17ffffff,8864a4b14bfffff,8a64a4b14a1ffff,8c64a4b14a1a1ff
sushimai ซูชิมั้ย ศรีบำเพ็ญ,ChIJFepMlimf4jARW2MqZCN7GMQ,13.7214455,100.5467268,4.7,38.0,"[""Japanese restaurant""]","[""japanese_restaurant""]",8664a4b37ffffff,8864a4b327fffff,8a64a4b326f7fff,8c64a4b326f27ff
Salad Smith,ChIJHVwWhImf4jARRRFjgRzMOk8,13.7242994,100.5297221,4.6,57.0,"[""Restaurant""]","[""restaurant""]",8664a4b17ffffff,8864a4b14bfffff,8a64a4b14a9ffff,8c64a4b14a9c3ff
Hummus Heads Sathorn,ChIJK8bQCjCf4jARzRJMl0l3aTQ,13.7212725,100.54604859999999,4.4,114.0,"[""Lebanese restaurant"",""Health food store"",""Middle Eastern restaurant"",""Shawarma restaurant"",""Vegan restaurant""]","[""lebanese_restaurant"",""health_food_store"",""middle_eastern_restaurant"",""shawarma_restaurant"",""vegan_restaurant""]",8664a4b37ffffff,8864a4b327fffff,8a64a4b326f7fff,8c64a4b326f33ff
HANJI-A Taiwanese Hot Pot Bar,ChIJQa_42xKf4jARRCDNHuLonTk,13.7260186,100.53855759999999,4.6,223.0,"[""Hot pot restaurant"",""Restaurant"",""Shabu-shabu restaurant"",""Taiwanese restaurant""]","[""hot_pot_restaurant"",""restaurant"",""shabu_shabu_restaurant"",""taiwanese_restaurant""]",8664a4b17ffffff,8864a4b141fffff,8a64a4b14c4ffff,8c64a4b14c491ff
Yellow Rice ข้าวเหลือง (ข้าวหมกไก่),ChIJUYB0xS2f4jARVe2bsXSeZLA,13.7251216,100.5343791,4.5,334.0,"[""Halal restaurant""]","[""halal_restaurant""]",8664a4b17ffffff,8864a4b141fffff,8a64a4b14157fff,8c64a4b141555ff
Bistro Montmartre,ChIJrZKvUVqZ4jARg7miVjBLY3s,13.7206259,100.52813019999999,4.2,38.0,"[""Restaurant""]","[""restaurant""]",8664a4b17ffffff,8864a4b14bfffff,8a64a4b14a0ffff,8c64a4b14a0a9ff
เย็นตาโฟ JC,ChIJGVmT4xOf4jARo7hct1lGO7g,13.725164999999999,100.5328584,5.0,8.0,"[""Asian restaurant""]","[""asian_restaurant""]",8664a4b17ffffff,8864a4b141fffff,8a64a4b1415ffff,8c64a4b1415d7ff
VILAS วิลาศ,ChIJz4DkUXKZ4jARyIgoG7ySrUE,13.7368045,100.5430078,4.7,85.0,"[""Restaurant""]","[""restaurant""]",8664a4b17ffffff,8864a4b145fffff,8a64a4b1459ffff,8c64a4b1459c7ff
Firefly Factory - Thai & Italian Fusion Restaurant & 3D Immersive Dining Experience,ChIJq6iSYJU72jAR7WW5rxmKwEQ,18.8018683,98.98404029999999,4.7,352.0,"[""Restaurant"",""Art gallery"",""Asian fusion restaurant"",""Bar"",""Cafe"",""Coffee shop"",""Fusion restaurant"",""Italian restaurant"",""Pizza restaurant"",""Thai restaurant""]","[""restaurant"",""art_gallery"",""asian_fusion_restaurant"",""bar"",""cafe"",""coffee_shop"",""fusion_restaurant"",""italian_restaurant"",""pizza_restaurant"",""thai_restaurant""]",866482c6fffffff,886482c687fffff,8a6482c6876ffff,8c6482c6876a5ff
Reform Kafé - Vegan Garden Restaurant,ChIJpbnXxpA62jARMk-RGVrJykc,18.7945369,98.9842958,4.7,1567.0,"[""Vegan restaurant"",""Health food restaurant"",""Vegetarian restaurant""]","[""vegan_restaurant"",""health_food_restaurant"",""vegetarian_restaurant""]",866482c6fffffff,886482c68bfffff,8a6482c68a9ffff,8c6482c68a995ff
GooMan's Sports Bar & Restaurant (กูแมนส์/구만),ChIJPx9U6Ko72jARlX_X_t2OBkU,18.802237299999998,98.976277,5.0,7.0,"[""Restaurant""]","[""restaurant""]",866482c6fffffff,886482c6b9fffff,8a6482c6b967fff,8c6482c6b9665ff
Annies Restaurant Bar,ChIJo39oF5g72jARK0nKu4BbmZI,18.790077699999998,98.9900454,4.6,750.0,"[""Restaurant"",""Pub""]","[""restaurant"",""pub""]",866482c6fffffff,886482c689fffff,8a6482c6885ffff,8c6482c6885e7ff
Bangsaen Restaurant บางแสนข้าวต้มปลา,ChIJnVGUjZk72jARRd_P0cAxWfk,18.7858083,98.9801195,5.0,11.0,"[""Restaurant""]","[""restaurant""]",866482c6fffffff,886482c6d7fffff,8a6482c6d687fff,8c6482c6d6841ff
Le QG,ChIJz5Afb2mr_TARLszXkI3-nDo,12.565001299999999,99.95762649999999,4.5,44.0,"[""French restaurant""]","[""french_restaurant""]",86658bb5fffffff,88658bb5d5fffff,8a658bb5d517fff,8c658bb5d512dff
Jalapenos Mexican Grill,ChIJE62E5IGr_TAR1YRsTh4wIBw,12.5455623,99.9520063,4.6,186.0,"[""Mexican restaurant""]","[""mexican_restaurant""]",86658bb5fffffff,88658bb5d9fffff,8a658bb5d967fff,8c658bb5d9619ff
Taba - Homemade Italian food,ChIJu3wTNxGr_TARjvY60I5_bYU,12.5825257,99.95330279999999,4.8,49.0,"[""Pizza delivery"",""Delivery service"",""Pasta shop"",""Pizza Takeout""]","[""pizza_delivery_service"",""delivery_service"",""pasta_shop"",""pizzatakeaway""]",86658bb5fffffff,88658bb581fffff,8a658bb580e7fff,8c658bb580e53ff
"Pho, A seven Hua Hin Vietnamese restaurant",ChIJ5amJlLGr_TAR8fvFLrVJPGA,12.5955917,99.9444307,4.6,17.0,"[""Vietnamese restaurant""]","[""vietnamese_restaurant""]",86658bb5fffffff,88658bb5bdfffff,8a658bb5bc67fff,8c658bb5bc653ff
FATHER TED'S IRISH PUB & STEAKHOUSE,ChIJIV2gELKr_TARr44WENsWnF0,12.5684013,99.9587742,4.3,1654.0,"[""Irish pub"",""Irish restaurant"",""Live music venue"",""Mexican restaurant"",""Sports bar"",""Steak house"",""Thai restaurant""]","[""irish_pub"",""irish_restaurant"",""live_music_venue"",""mexican_restaurant"",""sports_bar"",""steak_house"",""thai_restaurant""]",86658bb5fffffff,88658bb589fffff,8a658bb58967fff,8c658bb589653ff
ร้านพริกขี้หนู สาขาหนองแก,ChIJcb71ttOr_TARiTeDJpviZis,12.538239599999999,99.964491,4.4,268.0,"[""Thai restaurant""]","[""thai_restaurant""]",86658bb47ffffff,88658bb431fffff,8a658bb43147fff,8c658bb431433ff
HITORI SHABU สาขา Siam Paragon,ChIJh4qCVaif4jAR3B7egKQp3Wc,13.7461299,100.53471019999999,4.1,425.0,"[""Shabu-shabu restaurant""]","[""shabu_shabu_restaurant""]",8664a4b17ffffff,8864a4b16bfffff,8a64a4b16af7fff,8c64a4b16ad49ff
Nikusho Thaniya,ChIJnw3mmomf4jARLGw8pVT0HE0,13.7304423,100.53295109999999,4.3,174.0,"[""Yakiniku restaurant"",""Restaurant""]","[""yakiniku_restaurant"",""restaurant""]",8664a4b17ffffff,8864a4b141fffff,8a64a4b140d7fff,8c64a4b140f37ff
Xin Tian Di (ซิน เทียน ตี้),ChIJRffK4yuf4jARIcEK2GMqhEc,13.7296265,100.53509489999999,4.3,229.0,"[""Chinese restaurant""]","[""chinese_restaurant""]",8664a4b17ffffff,8864a4b141fffff,8a64a4b140affff,8c64a4b140ac7ff
View Bangkok Rooftop Bar & Restaurant,ChIJR4LgSl-f4jARSMzR8x4RA3E,13.7495844,100.54066329999999,4.7,1139.0,"[""Restaurant"",""Bar""]","[""restaurant"",""bar""]",8664a4b17ffffff,8864a4b161fffff,8a64a4b1602ffff,8c64a4b160281ff
Cozii Steak and Restaurant โคซี่ สเต๊ก,ChIJQRMf7wOZ4jARQz7dlVrlE48,13.7215875,100.5165339,4.7,207.0,"[""Restaurant""]","[""restaurant""]",8664a4b17ffffff,8864a4b15dfffff,8a64a4b15c5ffff,8c64a4b15c5e1ff
Habibi Restaurant Halal Food,ChIJ0-lz2FqZ4jARDWZjbI0igxc,13.725644899999999,100.522981,4.8,477.0,"[""Pakistani restaurant"",""Arab restaurant"",""Indian restaurant"",""Punjabi restaurant"",""Restaurant""]","[""pakistani_restaurant"",""arab_restaurant"",""indian_restaurant"",""punjabi_restaurant"",""restaurant""]",8664a4b17ffffff,8864a4b143fffff,8a64a4b1434ffff,8c64a4b1434abff
NenNua,ChIJH9gPYIqf4jARlPz-2qkWi_Q,13.746285199999999,100.5326657,3.6,89.0,"[""Thai restaurant""]","[""thai_restaurant""]",8664a4b17ffffff,8864a4b16bfffff,8a64a4b16acffff,8c64a4b16addbff
Tasty Congee & Noodle Wantun Shop @ Siam Paragon,ChIJh6FdUHCf4jARqrUD0aXOT0Y,13.7478406,100.53494719999999,4.2,441.0,"[""Chinese restaurant"",""Cantonese restaurant"",""Chinese noodle restaurant"",""Dim sum restaurant""]","[""chinese_restaurant"",""cantonese_restaurant"",""chinese_noodle_restaurant"",""dim_sum_restaurant""]",8664a4b17ffffff,8864a4b163fffff,8a64a4b16327fff,8c64a4b163203ff
Boon Tong Kee - The Commons Saladang,ChIJM6Vbipqf4jARwRuPHoZ2QoQ,13.725899799999999,100.5385048,4.4,134.0,"[""Singaporean restaurant""]","[""singaporean_restaurant""]",8664a4b17ffffff,8864a4b141fffff,8a64a4b14c4ffff,8c64a4b14c493ff
Thien Duong - Baan Dusit Thani,ChIJl3YhOAKf4jARheZW4VCU2rM,13.7270253,100.53605329999999,4.1,255.0,"[""Vietnamese restaurant""]","[""vietnamese_restaurant""]",8664a4b17ffffff,8864a4b141fffff,8a64a4b14037fff,8c64a4b14035dff
Simmer by Praha - Sindhorn,ChIJM1cE6die4jARadpVI5xUoiE,13.7359938,100.5451216,4.6,78.0,"[""Restaurant""]","[""restaurant""]",8664a4b17ffffff,8864a48493fffff,8a64a4b145b7fff,8c64a4b145b67ff
Woo Tender Bangkok,ChIJbw5ox8ef4jARymh3jhLbm-g,13.7364511,100.5485192,4.8,215.0,"[""Korean restaurant"",""Steak house""]","[""korean_restaurant"",""steak_house""]",8664a4b17ffffff,8864a48493fffff,8a64a48492f7fff,8c64a48492f6bff
Just A Drink Maybe - Bagel Coffee Shop,ChIJseyj3quf4jARf8Suvl56GfM,13.723061999999999,100.5284921,4.8,612.0,"[""Cafe"",""Bagel shop"",""Breakfast restaurant"",""Brunch restaurant""]","[""cafe"",""bagel_shop"",""breakfast_restaurant"",""brunch_restaurant""]",8664a4b17ffffff,8864a4b14bfffff,8a64a4b14af7fff,8c64a4b14af2dff
ข้าวต้มกุ๊ยรวยมิตร สาทร 10 : RUAY MITR Sathorn 10,ChIJ34xlB-2Z4jARFdP7CyiZSjk,13.723213099999999,100.5272052,4.5,149.0,"[""Thai restaurant"",""Asian restaurant"",""Bar""]","[""thai_restaurant"",""asian_restaurant"",""bar""]",8664a4b17ffffff,8864a4b14bfffff,8a64a4b14ad7fff,8c64a4b14ad53ff
หมูจิ้มเปรี้ยว (โรงอาหารเซนต์โยฯ),ChIJd-0f4IaZ4jARzU5kkvVX-io,13.725264399999999,100.5306543,5.0,1.0,"[""Thai restaurant""]","[""thai_restaurant""]",8664a4b17ffffff,8864a4b141fffff,8a64a4b1406ffff,8c64a4b1406cbff
Mama Ajumma,ChIJCYGUuVOZ4jARyb_ZUJAFOWY,13.7205344,100.5302284,5.0,4.0,"[""Korean restaurant""]","[""korean_restaurant""]",8664a4b17ffffff,8864a4b14bfffff,8a64a4b14a37fff,8c64a4b14a331ff
XII Mediterranean Restaurant,ChIJHb7ybaaZ4jARh67PBhhZh8k,13.722392099999999,100.5257231,4.6,263.0,"[""Mediterranean restaurant"",""French restaurant"",""Gastropub"",""Greek restaurant"",""Italian restaurant"",""Lebanese restaurant"",""Portuguese restaurant"",""Spanish restaurant"",""Tunisian restaurant"",""Turkish restaurant""]","[""mediterranean_restaurant"",""french_restaurant"",""gastropub"",""greek_restaurant"",""italian_restaurant"",""lebanese_restaurant"",""portuguese_restaurant"",""spanish_restaurant"",""tunisian_restaurant"",""turkish_restaurant""]",8664a4b17ffffff,8864a4b14bfffff,8a64a4b14acffff,8c64a4b14accbff
FOWLMOUTH theCOMMONS Saladaeng,ChIJl7F6npCf4jARyBxliNe2iqU,13.725970799999999,100.5386259,4.1,73.0,"[""Fast food restaurant"",""Fried chicken takeaway""]","[""fast_food_restaurant"",""fried_chicken_takeaway""]",8664a4b17ffffff,8864a4b141fffff,8a64a4b14c4ffff,8c64a4b14c491ff
Quickie - Empire Tower Sathorn,ChIJRWljMLuf4jAR95LpCY_AR0k,13.720396399999998,100.53065679999999,4.0,59.0,"[""Fast food restaurant""]","[""fast_food_restaurant""]",8664a4b17ffffff,8864a4b14bfffff,8a64a4b14a37fff,8c64a4b14a32bff
Bon Eatery,ChIJrU1swfOf4jARJJtPYPjMtMk,13.724751099999999,100.53475309999999,4.0,15.0,"[""Restaurant""]","[""restaurant""]",8664a4b17ffffff,8864a4b141fffff,8a64a4b14177fff,8c64a4b141735ff
Cagette Canteen & Deli - French Restaurant,ChIJ4UQdrj6f4jARTlgPN36ZShg,13.716669699999999,100.54749199999999,4.6,880.0,"[""French restaurant"",""Catering food and drink supplier"",""Deli"",""Delivery service"",""Event venue"",""Restaurant"",""Wine cellar""]","[""french_restaurant"",""catering_food_and_drink_supplies"",""deli"",""delivery_service"",""event_venue"",""restaurant"",""wine_cellar""]",8664a4b37ffffff,8864a4b327fffff,8a64a4b32757fff,8c64a4b32753dff
Ms.Jigger,ChIJVaRrytaf4jARCjRe5akUUwg,13.7376949,100.5434846,4.6,282.0,"[""Restaurant""]","[""restaurant""]",8664a4b17ffffff,8864a4b145fffff,8a64a4b1696ffff,8c64a4b1696d5ff
Noble Burmese Restaurant,ChIJmQQPlS072jARQEFHbmyPUtM,18.8050449,98.9820376,4.7,19.0,"[""Burmese restaurant""]","[""burmese_restaurant""]",866482c6fffffff,886482c687fffff,8a6482c68647fff,8c6482c68643dff
MaHar Restaurant ChiangMai,ChIJI6CKdZIl2jARnWOROHqQKJc,18.7960928,98.98420589999999,5.0,7.0,"[""Restaurant""]","[""restaurant""]",866482c6fffffff,886482c683fffff,8a6482c68337fff,8c6482c683321ff
Mai Restaurant & Bar,ChIJCWZwRnk72jARkTfPwrp-kpE,18.785303199999998,99.0028071,4.7,65.0,"[""Thai restaurant""]","[""thai_restaurant""]",866482c6fffffff,886482c6c7fffff,8a6482c6c747fff,8c6482c6c7469ff
INDIAN Bites Cafe & Vegetarian and Vegan Restaurant,ChIJDZ59-TEx2jAR29C0SlPO38s,18.7778821,98.9840686,4.9,505.0,"[""Indian restaurant"",""Cafe"",""Indian takeaway"",""Vegetarian restaurant""]","[""indian_restaurant"",""cafe"",""indian_takeaway"",""vegetarian_restaurant""]",866482c6fffffff,886482c6d1fffff,8a6482c6d087fff,8c6482c6d0847ff
Shabushi by OISHI ( Maya),ChIJo03mbwA72jARzKHEx1iK9qQ,18.802468899999997,98.96727849999999,2.6,13.0,"[""Buffet restaurant""]","[""buffet_restaurant""]",866482c6fffffff,886482c695fffff,8a6482c694dffff,8c6482c694d9dff
Guitar Bar & Restaurant,ChIJp2XmoIMx2jARkuI6eF1LOfo,18.7806533,98.9882272,4.3,149.0,"[""Restaurant""]","[""restaurant""]",866482c6fffffff,886482c6d5fffff,8a6482c6d427fff,8c6482c6d421bff
Number 8 Wooden Restaurant,ChIJcerXzHAw2jAR7Mt0ev0t74Q,18.7752795,98.98165159999999,4.3,58.0,"[""Restaurant""]","[""restaurant""]",866482c6fffffff,886482c6d1fffff,8a6482c6d00ffff,8c6482c6d00a9ff
Lan Chang Restaurant Chiang Mai,ChIJn689kL072jARTriwLTuH1bo,18.7871237,98.9811436,3.9,11.0,"[""Restaurant""]","[""restaurant""]",866482c6fffffff,886482c68bfffff,8a6482c6d697fff,8c6482c6d6969ff
Cherry Blossom Bar and Restaurant,ChIJ6xn7iPQ72jARaDcUqb7rLSk,18.7850781,98.99358009999999,3.7,52.0,"[""Restaurant"",""Bar""]","[""restaurant"",""bar""]",866482c6fffffff,886482c689fffff,8a6482c68967fff,8c6482c689663ff
Ning Restaurant - Thai Food,ChIJwTtFZomr_TARBlUh71rU95o,12.5451581,99.9551595,4.7,3.0,"[""Restaurant""]","[""restaurant""]",86658bb47ffffff,88658bb433fffff,8a658bb432d7fff,8c658bb432d43ff
Nava Restaurant,ChIJMatvewCr_TARZzZZG8S9tTk,12.571261999999999,99.95999959999999,5.0,6.0,"[""Thai restaurant""]","[""thai_restaurant""]",86658bb5fffffff,88658bb589fffff,8a658bb5890ffff,8c658bb58956dff
ATCHA Indian restaurant,ChIJW9yBEgmr_TAROrptV4xrf6w,12.5688415,99.91018369999999,4.8,308.0,"[""Indian restaurant""]","[""indian_restaurant""]",86658ba67ffffff,88658ba641fffff,8a658ba6411ffff,8c658ba6411e1ff
Firehouse Bar and Grill,ChIJhUz5uiur_TAR3H7yNdhCLuA,12.554421699999999,99.95486989999999,4.3,96.0,"[""Bar & grill"",""American restaurant"",""Barbecue restaurant""]","[""bar_and_grill"",""american_restaurant"",""barbecue_restaurant""]",86658bb5fffffff,88658bb5ddfffff,8a658bb5d897fff,8c658bb5d8945ff
Beach House Restaurant,ChIJ47B6D7ir_TARtgoduIGyAq0,12.5793895,99.9552169,5.0,4.0,"[""Breakfast restaurant"",""Fast food restaurant""]","[""breakfast_restaurant"",""fast_food_restaurant""]",86658bb5fffffff,88658bb581fffff,8a658bb58157fff,8c658bb581503ff
veggie 11 restaurant cafe,ChIJjWGIKwCr_TARxP1ZCyajZPw,12.5792793,99.94681399999999,4.6,16.0,"[""Vegetarian restaurant""]","[""vegetarian_restaurant""]",86658bb5fffffff,88658bb583fffff,8a658bb58377fff,8c658bb583729ff
At Home Restaurant,ChIJcbNNQACr_TARRY1dqUG3Sw0,12.6014281,99.9495542,4.8,64.0,"[""Thai restaurant""]","[""thai_restaurant""]",86658bb5fffffff,88658bb5bdfffff,8a658bb5bcb7fff,8c658bb5bcb3bff
Restaurant Chiwha,ChIJQXRzSwCr_TARzrhYyZk4WJY,12.5649871,99.9556487,4.5,2.0,"[""Thai restaurant""]","[""thai_restaurant""]",86658bb5fffffff,88658bb5d5fffff,8a658bb5d51ffff,8c658bb5d51b1ff
Grasso Pizzeria by Casa di Laciana al mare,ChIJu8_uZxer_TARKFTxnvdAiFQ,12.555218799999999,99.96127249999999,4.3,158.0,"[""Italian restaurant""]","[""italian_restaurant""]",86658bb5fffffff,88658bb5ddfffff,8a658bb5dd37fff,8c658bb5dd317ff
Esan restaurant local,ChIJuYW0PiKr_TARa-nA0aCYUq0,12.5454692,99.9565258,4.4,9.0,"[""Thai restaurant""]","[""thai_restaurant""]",86658bb47ffffff,88658bb433fffff,8a658bb4328ffff,8c658bb43288dff
Sundance Dayclub Hua Hin,ChIJxYubLlqr_TARejvzISOIo8o,12.597102699999999,99.9549589,4.4,836.0,"[""Beach club"",""Bar"",""Cafe"",""Hotel"",""Swimming pool"",""Thai restaurant"",""Western restaurant""]","[""beach_club"",""bar"",""cafe"",""hotel"",""swimming_pool"",""thai_restaurant"",""western_restaurant""]",86658bb5fffffff,88658bb5abfffff,8a658bb5aa0ffff,8c658bb5aa09bff
Oppa Daek,ChIJrcR5FLGf4jARJAqLuBoMG-U,13.7446334,100.5300317,2.9,245.0,"[""Korean restaurant""]","[""korean_restaurant""]",8664a4b17ffffff,8864a4b10dfffff,8a64a4b10d87fff,8c64a4b10d80bff
RODCHANA RESTAURANT,ChIJ0VV7MACZ4jARXBWXFISEBl8,13.732662699999999,100.5262422,4.0,2.0,"[""Restaurant""]","[""restaurant""]",8664a4b17ffffff,8864a4b143fffff,8a64a4b1429ffff,8c64a4b1429c5ff
Yuzu Curry Siam Square Soi.9,ChIJfR02toKZ4jARBdP-FsD5LHw,13.7441804,100.53339609999999,,,"[""Japanese curry restaurant""]","[""japanese_curry_restaurant""]",8664a4b17ffffff,8864a4b16bfffff,8a64a4b16a57fff,8c64a4b16a527ff
"glu up Thai co.,Ltd (Sookdal Korean BBQ)",ChIJOzZD7zCf4jARhtaYKjLSgBI,13.7470971,100.5241728,5.0,1.0,"[""Korean barbecue restaurant""]","[""korean_barbecue_restaurant""]",8664a4b17ffffff,8864a4b10dfffff,8a64a4b10cc7fff,8c64a4b10cdc9ff
Kenshin Izakaya Groove Central World เคนชิน อิซากายะ สาขา สาขาเซ็นทรัลเวิลด์ (ชั้น 2 โซนกรูฟ) 剣心 居酒屋,ChIJQROwJqmf4jARKCWcm3SGE6w,13.745164299999999,100.5382283,4.2,473.0,"[""Izakaya restaurant"",""Japanese regional restaurant"",""Kyoto style Japanese restaurant""]","[""japanese_izakaya_restaurant"",""japanese_regional_restaurant"",""kyoto_cuisine_restaurant""]",8664a4b17ffffff,8864a4b16bfffff,8a64a4b16b9ffff,8c64a4b16b993ff
Théo Café & Restaurant (เตโอ คาเฟ่ แอนด์ เรสเตอรองก์),ChIJFxgZGoWZ4jARJqcSacTvxGc,13.719290899999999,100.5085629,4.7,160.0,"[""Restaurant"",""Bakery"",""Coffee shop""]","[""restaurant"",""bakery"",""coffee_shop""]",8664a4b17ffffff,8864a4b151fffff,8a64a4b1514ffff,8c64a4b1514a1ff
Chop Chop Cook Shop,ChIJ0X4rpNSZ4jARqOFD2zdjaOg,13.741430999999999,100.5076983,4.4,261.0,"[""Chinese restaurant"",""Asian fusion restaurant"",""Asian restaurant"",""Chinese noodle restaurant"",""Lunch restaurant"",""Restaurant""]","[""chinese_restaurant"",""asian_fusion_restaurant"",""asian_restaurant"",""chinese_noodle_restaurant"",""lunch_restaurant"",""restaurant""]",8664a4b17ffffff,8864a4b103fffff,8a64a4b10367fff,8c64a4b103607ff
AYAR House Bar & Restaurant,ChIJu-FaEfVlHTERFpCmRhxsOS4,13.7490668,100.5414177,4.5,209.0,"[""Burmese restaurant"",""Noodle shop"",""Rice restaurant"",""Uyghur cuisine restaurant""]","[""burmese_restaurant"",""noodle_shop"",""rice_restaurant"",""uyghur_cuisine_restaurant""]",8664a4b17ffffff,8864a4b161fffff,8a64a4b16027fff,8c64a4b161525ff
Nijiki,ChIJNcxj5ZGZ4jAR1QmlhMQwj5g,13.734060099999999,100.52636079999999,3.3,3.0,"[""Japanese restaurant""]","[""japanese_restaurant""]",8664a4b17ffffff,8864a4b147fffff,8a64a4b1466ffff,8c64a4b146687ff
Arun Thai Cuisine by SEE FAH,ChIJ-bNTeqif4jAReEu3mg8ceRQ,13.7416802,100.54114369999999,4.4,257.0,"[""Thai restaurant""]","[""thai_restaurant""]",8664a4b17ffffff,8864a4b169fffff,8a64a4b1684ffff,8c64a4b1684e9ff
Ringer Hut - Thaniya,ChIJobi9jNOf4jARkCXkTtedKcM,13.729227199999999,100.5340279,4.2,197.0,"[""Japanese restaurant"",""Champon noodle restaurant""]","[""japanese_restaurant"",""champon_noodle_restaurant""]",8664a4b17ffffff,8864a4b141fffff,8a64a4b1401ffff,8c64a4b1401a3ff
River View Residence,ChIJj9S5fYBhHTER9EjcyFTwa8Y,13.734402699999999,100.5119335,4.1,1284.0,"[""Restaurant"",""Bar"",""Hotel"",""Thai restaurant""]","[""restaurant"",""bar"",""hotel"",""thai_restaurant""]",8664a4b17ffffff,8864a4b10bfffff,8a64a4b10b77fff,8c64a4b10b733ff
Fuji Restaurant,ChIJE4Fo9SWf4jARBjP_LjHfd2c,13.7272492,100.5409591,4.1,259.0,"[""Japanese restaurant"",""Restaurant""]","[""japanese_restaurant"",""restaurant""]",8664a4b17ffffff,8864a4b14dfffff,8a64a4b14c57fff,8c64a4b14c539ff
MK Restaurants,ChIJqxUtASyf4jARngxzXSuRAd0,13.72847,100.5350387,4.1,344.0,"[""Sukiyaki and Shabu Shabu restaurant""]","[""shabu_shabu_and_sukiyaki_restaurant""]",8664a4b17ffffff,8864a4b141fffff,8a64a4b14017fff,8c64a4b14011dff
Retro India Restaurants,ChIJsWX-oDyf4jARSxRz4OCRBns,13.7214168,100.5465481,3.9,161.0,"[""Indian restaurant""]","[""indian_restaurant""]",8664a4b37ffffff,8864a4b327fffff,8a64a4b326f7fff,8c64a4b326f23ff
ร้านอาหารอีสาน (รสเด็ด),ChIJzXSjwnWf4jARvvlDcaPUUkc,13.7240658,100.550964,4.8,4.0,"[""Thai restaurant""]","[""thai_restaurant""]",8664a484fffffff,8864a4849bfffff,8a64a4849b5ffff,8c64a4849a66dff
8855 Restaurant & Bar,ChIJxwix_0if4jARBQTFYCOgITI,13.7394093,100.555725,4.5,220.0,"[""Restaurant"",""Bar""]","[""restaurant"",""bar""]",8664a484fffffff,8864a48497fffff,8a64a484970ffff,8c64a484970abff
Petits Plats Bangkok | French Mediteranean Cuisine,ChIJJegiFiif4jAR20Q60Het3LQ,13.7374926,100.54305889999999,4.2,306.0,"[""French restaurant""]","[""french_restaurant""]",8664a4b17ffffff,8864a4b145fffff,8a64a4b1459ffff,8c64a4b1459adff
TIVA Bangkok,ChIJa29dvlmZ4jARldaThIaECt0,13.726025,100.5258417,4.4,16.0,"[""Restaurant"",""Buffet restaurant"",""Italian restaurant""]","[""restaurant"",""buffet_restaurant"",""italian_restaurant""]",8664a4b17ffffff,8864a4b143fffff,8a64a4b1430ffff,8c64a4b143093ff
Kad Kafé Restaurant at Shangri-La Chiang Mai,ChIJY2RAyukx2jARqps5yk1G4Nw,18.7783089,98.999774,4.5,115.0,"[""Restaurant""]","[""restaurant""]",866482c6fffffff,886482c6c3fffff,8a6482c6c32ffff,8c6482c6c32adff
อร่อยยูนนาน 华人餐厅 Authentic Chinese Restaurant and Takeaway,ChIJU-2g_c872jARJ6Uz4LfZurY,18.8002853,98.98512199999999,4.7,3.0,"[""Restaurant""]","[""restaurant""]",866482c6fffffff,886482c681fffff,8a6482c680cffff,8c6482c680cb3ff
Padthai Restaurant and Khon Gallery,ChIJrx6Phi072jARWpcHFZ0Y71o,18.7894197,98.9877588,3.3,4.0,"[""Restaurant""]","[""restaurant""]",866482c6fffffff,886482c68bfffff,8a6482c68ba7fff,8c6482c68b125ff
JOY Restaurant By Eleven Gentlemen,ChIJDx7Dmb472jARkIhjv99l3VM,18.790945999999998,98.9540499,4.7,20.0,"[""Restaurant""]","[""restaurant""]",866482137ffffff,886482c693fffff,8a6482c6935ffff,8c6482c6935b5ff
I'm Your Vegan,ChIJ4xotrM072jARpmmwbkqPZKs,18.794862,98.9692503,4.5,168.0,"[""Restaurant"",""Vegan restaurant""]","[""restaurant"",""vegan_restaurant""]",866482c6fffffff,886482c695fffff,8a6482c6956ffff,8c6482c6956e3ff
Mala Red Dot - หม่าล่าจุดแดง 麻辣紅點,ChIJd-prwXI72jARxNPUKKGzqn8,18.7982625,98.9706698,4.8,6.0,"[""Beer garden"",""Bar & grill"",""Food court"",""Seafood restaurant"",""Thai restaurant""]","[""beer_garden"",""bar_and_grill"",""food_court"",""seafood_restaurant"",""thai_restaurant""]",866482c6fffffff,886482c695fffff,8a6482c69427fff,8c6482c694233ff
ดอกจอก Dok Jok,ChIJgenDZ9072jARhv9c3CmyCAQ,18.8094379,98.9766076,4.6,45.0,"[""Thai restaurant""]","[""thai_restaurant""]",866482c6fffffff,886482c6b9fffff,8a6482c6b887fff,8c6482c6b8811ff
Restaurant Bab Meok ja ร้านอาหาร บับ มอก จา,ChIJk9JQJSU72jARsEP2sZXVBqQ,18.8037839,98.97279499999999,4.2,56.0,"[""Diner"",""Restaurant""]","[""diner"",""restaurant""]",866482c6fffffff,886482c6b9fffff,8a6482c69497fff,8c6482c69492dff
Sweety Keto Cafe & Restaurant,ChIJD5-5zn872jARAPTb0oWpS14,18.7841396,98.993472,4.6,116.0,"[""Restaurant""]","[""restaurant""]",866482c6fffffff,886482c6c3fffff,8a6482c6c2cffff,8c6482c6c2cb1ff
Rua Yacht Restaurant (A La Carte),ChIJX9HiHdir_TARVEstCdh0Gyc,12.5322458,99.9658462,4.6,17.0,"[""Thai restaurant""]","[""thai_restaurant""]",86658bb47ffffff,88658bb439fffff,8a658bb43847fff,8c658bb438417ff
Black soup restaurant,ChIJBwV5RwCr_TARZkNe0Z8mq-A,12.5683747,99.9576888,,,"[""Noodle shop""]","[""noodle_shop""]",86658bb5fffffff,88658bb5d5fffff,8a658bb5896ffff,8c658bb5896d9ff
Halal Indian & Thai food حلال,ChIJBQS7ObKr_TARdMKzxesWm9g,12.5693706,99.9600122,4.0,6.0,"[""Halal restaurant"",""Barbecue restaurant"",""Indian restaurant"",""Seafood restaurant""]","[""halal_restaurant"",""barbecue_restaurant"",""indian_restaurant"",""seafood_restaurant""]",86658bb5fffffff,88658bb589fffff,8a658bb58977fff,8c658bb58974bff
Kamya indian thai restaurant,ChIJ-cpkn6qr_TARnSMrAEKyLJA,12.573617899999999,99.9571057,,,"[""Restaurant""]","[""restaurant""]",86658bb5fffffff,88658bb589fffff,8a658bb58857fff,8c658bb58856bff
PIMMEEZ Restaurant & Grill,ChIJEZTah3yr_TARmdw_-fETN8s,12.541849299999999,99.94737219999999,4.9,15.0,"[""Restaurant""]","[""restaurant""]",86658bb4fffffff,88658bb4e5fffff,8a658bb4e427fff,8c658bb4e42edff
Bites Boss,ChIJx9KyGkat_TARHB-jrYACoz8,12.547906,99.9620652,4.8,19.0,"[""Asian fusion restaurant""]","[""asian_fusion_restaurant""]",86658bb47ffffff,88658bb437fffff,8a658bb43627fff,8c658bb437525ff
Thai German Restaurant,ChIJ5YjTaLqr_TARVIi6jwXPzWA,12.576524299999999,99.9210748,4.6,98.0,"[""German restaurant"",""Restaurant""]","[""german_restaurant"",""restaurant""]",86658ba67ffffff,88658bb593fffff,8a658bb5920ffff,8c658bb59208bff
Acqua Italian Dining Restaurant Bangkok,ChIJ_QdRcbWf4jARy62Re2PWhFE,13.7465792,100.545869,4.5,190.0,"[""Italian restaurant"",""Fine dining restaurant""]","[""italian_restaurant"",""fine_dining_restaurant""]",8664a4b17ffffff,8864a4b169fffff,8a64a4b1689ffff,8c64a4b1689c3ff
Bangkok'78,ChIJj5yT6lWf4jARhBc6lzXKjs8,13.741458399999999,100.5430198,4.2,255.0,"[""Thai restaurant"",""Restaurant""]","[""thai_restaurant"",""restaurant""]",8664a4b17ffffff,8864a4b169fffff,8a64a4b16877fff,8c64a4b168703ff
ตวงติ๋มซำ by Chef Yip Siam Paragon Branch,ChIJLyJKMwCf4jAR7JCBdBdIQjk,13.745681099999999,100.5354203,4.0,1.0,"[""Dim sum restaurant""]","[""dim_sum_restaurant""]",8664a4b17ffffff,8864a4b16bfffff,8a64a4b16af7fff,8c64a4b16af61ff
Shangarila Restaurant,ChIJnQchByKZ4jAR10tW2b3ux6g,13.7419909,100.5070958,4.1,443.0,"[""Chinese restaurant"",""Asian restaurant""]","[""chinese_restaurant"",""asian_restaurant""]",8664a4b17ffffff,8864a4b103fffff,8a64a4b10347fff,8c64a4b103451ff
"Woodlands Inn Hotel and Restaurant, Bangkok,Thailand",ChIJVzdimqOZ4jARh3zw47rLqcQ,13.7280123,100.51557439999999,3.5,293.0,"[""Restaurant"",""Hotel"",""Indian restaurant""]","[""restaurant"",""hotel"",""indian_restaurant""]",8664a4b17ffffff,8864a4b155fffff,8a64a4b1542ffff,8c64a4b1542c7ff
Hilly's Restaurant,ChIJmSDoz06Z4jAReNT-vh8bpgI,13.731999499999999,100.51008949999999,3.3,19.0,"[""Restaurant""]","[""restaurant""]",8664a4b17ffffff,8864a4b157fffff,8a64a4b1579ffff,8c64a4b1579c5ff
Tasty Congee & Noodle Wantun Shop @ ICONSIAM,ChIJm-ZgvGyZ4jARpZkoPpQhcfw,13.7266196,100.5109002,4.0,100.0,"[""Chinese restaurant"",""Cantonese restaurant"",""Chinese noodle restaurant"",""Dim sum restaurant""]","[""chinese_restaurant"",""cantonese_restaurant"",""chinese_noodle_restaurant"",""dim_sum_restaurant""]",8664a4b17ffffff,8864a4b151fffff,8a64a4b1509ffff,8c64a4b1509bdff
Scala Shark Fin Restaurant,ChIJd7BZ6M2e4jAR1loUiKlmikc,13.7475352,100.53509,3.8,46.0,"[""Chinese restaurant""]","[""chinese_restaurant""]",8664a4b17ffffff,8864a4b16bfffff,8a64a4b16327fff,8c64a4b163255ff
Riedel Restaurant & Wine Cellar,ChIJiSINB9Ce4jARjiC4wGMKHDo,13.745543,100.540656,4.3,205.0,"[""Restaurant"",""Glassware store"",""Wine bar""]","[""restaurant"",""glassware_store"",""wine_bar""]",8664a4b17ffffff,8864a4b161fffff,8a64a4b16167fff,8c64a4b16165bff
Karan Cafe Indian Food,ChIJAbyKB7Kr_TARSq4-QmPBfMU,12.543565899999999,99.9626418,4.3,123.0,"[""Indian restaurant""]","[""indian_restaurant""]",86658bb47ffffff,88658bb431fffff,8a658bb430cffff,8c658bb430cc5ff
MK Restaurants,ChIJhSv7MYuf4jAR51cm2YcTwag,13.7447854,100.53395049999999,4.1,90.0,"[""Shabu-shabu restaurant"",""Sukiyaki restaurant""]","[""shabu_shabu_restaurant"",""sukiyaki_restaurant""]",8664a4b17ffffff,8864a4b16bfffff,8a64a4b16ae7fff,8c64a4b16ae3dff
Sasa Restaurant,ChIJJVKaiCyZ4jARNtm2xPOh4zA,13.7413011,100.5270376,4.1,72.0,"[""Restaurant""]","[""restaurant""]",8664a4b17ffffff,8864a4b10dfffff,8a64a4b10d77fff,8c64a4b10d549ff
Bitterman - Siam Paragon,ChIJB8KgCFef4jARkmteLZb9KJY,13.7462842,100.535313,3.8,8.0,"[""Restaurant""]","[""restaurant""]",8664a4b17ffffff,8864a4b16bfffff,8a64a4b16a8ffff,8c64a4b16a899ff
Jai Palace Restaurant,ChIJIexV-8mf4jARbLsFRtZEv04,13.7269878,100.5180161,4.3,74.0,"[""Indian restaurant"",""Restaurant""]","[""indian_restaurant"",""restaurant""]",8664a4b17ffffff,8864a4b155fffff,8a64a4b15507fff,8c64a4b15503bff
Massilia Italian Restaurant (Sathorn Branch),ChIJEYcNVZhhHTERPdHZrnNeW1c,13.721098,100.53190769999999,4.0,46.0,"[""Italian restaurant""]","[""italian_restaurant""]",8664a4b17ffffff,8864a4b14bfffff,8a64a4b14b8ffff,8c64a4b14b8e9ff
Rolling Stone Pizza & Wings HH,ChIJW0EsNcWr_TARSREAk7a0tvQ,12.5499174,99.96222929999999,4.2,212.0,"[""Restaurant"",""Beer garden"",""Chicken wings restaurant"",""Pasta shop"",""Pizza restaurant"",""Salad shop"",""Vegetarian restaurant"",""Wine bar""]","[""restaurant"",""beer_garden"",""chicken_wings_restaurant"",""pasta_shop"",""pizza_restaurant"",""salad_shop"",""vegetarian_restaurant"",""wine_bar""]",86658bb5fffffff,88658bb437fffff,8a658bb43607fff,8c658bb43602dff
Alola Restaurant & Bar,ChIJe5OxRgCr_TARqzXfcAx-cJY,12.561899299999999,99.9555797,,,"[""Bar & grill""]","[""bar_and_grill""]",86658bb5fffffff,88658bb5d5fffff,8a658bb5d52ffff,8c658bb5d52d3ff
31 Burger,ChIJNT_lIVKq_TARcscw3eTVo5U,12.578861499999999,99.95630949999999,4.2,205.0,"[""Hamburger restaurant""]","[""hamburger_restaurant""]",86658bb5fffffff,88658bb581fffff,8a658bb5810ffff,8c658bb5810d3ff
Taste Restaurant @ True Arena,ChIJi8zNjEKr_TARDv5a8fEgVgI,12.5377095,99.9585135,,,"[""Restaurant""]","[""restaurant""]",86658bb47ffffff,88658bb43bfffff,8a658bb43ad7fff,8c658bb43ad31ff
Thai-Dee Snack Bar and Restaurant,ChIJdWGUSwCr_TARttRi19OWZNs,12.554699,99.94839669999999,,,"[""Restaurant""]","[""restaurant""]",86658bb5fffffff,88658bb5d1fffff,8a658bb5d167fff,8c658bb5d1627ff
